Domain,Component,Audit dimension,Shen Wang code,Jing Zhou code,Exact agreement,Final classification,Adjudication changed,Evidence note
Exposure,Female smoking,Coverage,A,A,Yes,Adequate for this analysis,No,WHO GHO modelled age-standardised female estimates; socioeconomic survey disaggregation is not globally contemporaneous.
Exposure,Female smoking,Female/sex,A,A,Yes,Adequate for this analysis,No,WHO GHO modelled age-standardised female estimates; socioeconomic survey disaggregation is not globally contemporaneous.
Exposure,Female smoking,Residence,LH,LH,Yes,Source located; not sufficiently harmonised/integrated,No,WHO GHO modelled age-standardised female estimates; socioeconomic survey disaggregation is not globally contemporaneous.
Exposure,Female smoking,Socioeconomic,L,L,Yes,Available with limitations,No,WHO GHO modelled age-standardised female estimates; socioeconomic survey disaggregation is not globally contemporaneous.
Exposure,Female smoking,Time series,A,A,Yes,Adequate for this analysis,No,WHO GHO modelled age-standardised female estimates; socioeconomic survey disaggregation is not globally contemporaneous.
Exposure,Female smoking,Comparable,A,A,Yes,Adequate for this analysis,No,WHO GHO modelled age-standardised female estimates; socioeconomic survey disaggregation is not globally contemporaneous.
Exposure,Female smoking,Machine-readable,A,A,Yes,Adequate for this analysis,No,WHO GHO modelled age-standardised female estimates; socioeconomic survey disaggregation is not globally contemporaneous.
Exposure,Female smoking,Uncertainty,L,L,Yes,Available with limitations,No,WHO GHO modelled age-standardised female estimates; socioeconomic survey disaggregation is not globally contemporaneous.
Exposure,Female smoking,Age standard,A,A,Yes,Adequate for this analysis,No,WHO GHO modelled age-standardised female estimates; socioeconomic survey disaggregation is not globally contemporaneous.
Exposure,Female smoking,Overall,A,A,Yes,Adequate for this analysis,No,WHO GHO modelled age-standardised female estimates; socioeconomic survey disaggregation is not globally contemporaneous.
Exposure,Clean-fuel access,Coverage,A,A,Yes,Adequate for this analysis,No,"WHO GHO total, urban and rural estimates; wealth-disaggregated DHS coverage is partial."
Exposure,Clean-fuel access,Female/sex,NA,NA,Yes,Not applicable,No,"WHO GHO total, urban and rural estimates; wealth-disaggregated DHS coverage is partial."
Exposure,Clean-fuel access,Residence,A,A,Yes,Adequate for this analysis,No,"WHO GHO total, urban and rural estimates; wealth-disaggregated DHS coverage is partial."
Exposure,Clean-fuel access,Socioeconomic,L,L,Yes,Available with limitations,No,"WHO GHO total, urban and rural estimates; wealth-disaggregated DHS coverage is partial."
Exposure,Clean-fuel access,Time series,A,A,Yes,Adequate for this analysis,No,"WHO GHO total, urban and rural estimates; wealth-disaggregated DHS coverage is partial."
Exposure,Clean-fuel access,Comparable,A,A,Yes,Adequate for this analysis,No,"WHO GHO total, urban and rural estimates; wealth-disaggregated DHS coverage is partial."
Exposure,Clean-fuel access,Machine-readable,A,A,Yes,Adequate for this analysis,No,"WHO GHO total, urban and rural estimates; wealth-disaggregated DHS coverage is partial."
Exposure,Clean-fuel access,Uncertainty,L,L,Yes,Available with limitations,No,"WHO GHO total, urban and rural estimates; wealth-disaggregated DHS coverage is partial."
Exposure,Clean-fuel access,Age standard,NA,NA,Yes,Not applicable,No,"WHO GHO total, urban and rural estimates; wealth-disaggregated DHS coverage is partial."
Exposure,Clean-fuel access,Overall,A,A,Yes,Adequate for this analysis,No,"WHO GHO total, urban and rural estimates; wealth-disaggregated DHS coverage is partial."
Exposure,Ambient PM2.5,Coverage,A,A,Yes,Adequate for this analysis,No,WHO GHO national modelled concentration; not personal exposure.
Exposure,Ambient PM2.5,Female/sex,NA,NA,Yes,Not applicable,No,WHO GHO national modelled concentration; not personal exposure.
Exposure,Ambient PM2.5,Residence,L,L,Yes,Available with limitations,No,WHO GHO national modelled concentration; not personal exposure.
Exposure,Ambient PM2.5,Socioeconomic,NG,NG,Yes,No compatible global indicator identified,No,WHO GHO national modelled concentration; not personal exposure.
Exposure,Ambient PM2.5,Time series,A,A,Yes,Adequate for this analysis,No,WHO GHO national modelled concentration; not personal exposure.
Exposure,Ambient PM2.5,Comparable,A,A,Yes,Adequate for this analysis,No,WHO GHO national modelled concentration; not personal exposure.
Exposure,Ambient PM2.5,Machine-readable,A,A,Yes,Adequate for this analysis,No,WHO GHO national modelled concentration; not personal exposure.
Exposure,Ambient PM2.5,Uncertainty,L,L,Yes,Available with limitations,No,WHO GHO national modelled concentration; not personal exposure.
Exposure,Ambient PM2.5,Age standard,NA,NA,Yes,Not applicable,No,WHO GHO national modelled concentration; not personal exposure.
Exposure,Ambient PM2.5,Overall,A,A,Yes,Adequate for this analysis,No,WHO GHO national modelled concentration; not personal exposure.
Exposure,Second-hand smoke,Coverage,L,L,Yes,Available with limitations,No,"WHO GHO and GTSS/GATS indicators exist, but survey definitions and years vary and complete female country-year coverage was not available in the analytic frame."
Exposure,Second-hand smoke,Female/sex,L,L,Yes,Available with limitations,No,"WHO GHO and GTSS/GATS indicators exist, but survey definitions and years vary and complete female country-year coverage was not available in the analytic frame."
Exposure,Second-hand smoke,Residence,L,L,Yes,Available with limitations,No,"WHO GHO and GTSS/GATS indicators exist, but survey definitions and years vary and complete female country-year coverage was not available in the analytic frame."
Exposure,Second-hand smoke,Socioeconomic,L,L,Yes,Available with limitations,No,"WHO GHO and GTSS/GATS indicators exist, but survey definitions and years vary and complete female country-year coverage was not available in the analytic frame."
Exposure,Second-hand smoke,Time series,L,L,Yes,Available with limitations,No,"WHO GHO and GTSS/GATS indicators exist, but survey definitions and years vary and complete female country-year coverage was not available in the analytic frame."
Exposure,Second-hand smoke,Comparable,L,L,Yes,Available with limitations,No,"WHO GHO and GTSS/GATS indicators exist, but survey definitions and years vary and complete female country-year coverage was not available in the analytic frame."
Exposure,Second-hand smoke,Machine-readable,L,L,Yes,Available with limitations,No,"WHO GHO and GTSS/GATS indicators exist, but survey definitions and years vary and complete female country-year coverage was not available in the analytic frame."
Exposure,Second-hand smoke,Uncertainty,L,L,Yes,Available with limitations,No,"WHO GHO and GTSS/GATS indicators exist, but survey definitions and years vary and complete female country-year coverage was not available in the analytic frame."
Exposure,Second-hand smoke,Age standard,NA,NA,Yes,Not applicable,No,"WHO GHO and GTSS/GATS indicators exist, but survey definitions and years vary and complete female country-year coverage was not available in the analytic frame."
Exposure,Second-hand smoke,Overall,L,L,Yes,Available with limitations,No,"WHO GHO and GTSS/GATS indicators exist, but survey definitions and years vary and complete female country-year coverage was not available in the analytic frame."
Exposure,Occupational carcinogens,Coverage,L,L,Yes,Available with limitations,No,GBD attributable-risk estimates are available; harmonised female exposure prevalence by occupation and socioeconomic group was not integrated.
Exposure,Occupational carcinogens,Female/sex,L,L,Yes,Available with limitations,No,GBD attributable-risk estimates are available; harmonised female exposure prevalence by occupation and socioeconomic group was not integrated.
Exposure,Occupational carcinogens,Residence,NG,NG,Yes,No compatible global indicator identified,No,GBD attributable-risk estimates are available; harmonised female exposure prevalence by occupation and socioeconomic group was not integrated.
Exposure,Occupational carcinogens,Socioeconomic,NG,NG,Yes,No compatible global indicator identified,No,GBD attributable-risk estimates are available; harmonised female exposure prevalence by occupation and socioeconomic group was not integrated.
Exposure,Occupational carcinogens,Time series,L,L,Yes,Available with limitations,No,GBD attributable-risk estimates are available; harmonised female exposure prevalence by occupation and socioeconomic group was not integrated.
Exposure,Occupational carcinogens,Comparable,L,L,Yes,Available with limitations,No,GBD attributable-risk estimates are available; harmonised female exposure prevalence by occupation and socioeconomic group was not integrated.
Exposure,Occupational carcinogens,Machine-readable,L,L,Yes,Available with limitations,No,GBD attributable-risk estimates are available; harmonised female exposure prevalence by occupation and socioeconomic group was not integrated.
Exposure,Occupational carcinogens,Uncertainty,L,L,Yes,Available with limitations,No,GBD attributable-risk estimates are available; harmonised female exposure prevalence by occupation and socioeconomic group was not integrated.
Exposure,Occupational carcinogens,Age standard,NA,NA,Yes,Not applicable,No,GBD attributable-risk estimates are available; harmonised female exposure prevalence by occupation and socioeconomic group was not integrated.
Exposure,Occupational carcinogens,Overall,L,L,Yes,Available with limitations,No,GBD attributable-risk estimates are available; harmonised female exposure prevalence by occupation and socioeconomic group was not integrated.
Exposure,Residential radon,Coverage,L,L,Yes,Available with limitations,No,"GBD 2021 reports exposure and attributable burden with uncertainty, but radon was not present as a compatible HIDR-linked female exposure indicator."
Exposure,Residential radon,Female/sex,NA,NA,Yes,Not applicable,No,"GBD 2021 reports exposure and attributable burden with uncertainty, but radon was not present as a compatible HIDR-linked female exposure indicator."
Exposure,Residential radon,Residence,NG,NG,Yes,No compatible global indicator identified,No,"GBD 2021 reports exposure and attributable burden with uncertainty, but radon was not present as a compatible HIDR-linked female exposure indicator."
Exposure,Residential radon,Socioeconomic,NG,NG,Yes,No compatible global indicator identified,No,"GBD 2021 reports exposure and attributable burden with uncertainty, but radon was not present as a compatible HIDR-linked female exposure indicator."
Exposure,Residential radon,Time series,L,L,Yes,Available with limitations,No,"GBD 2021 reports exposure and attributable burden with uncertainty, but radon was not present as a compatible HIDR-linked female exposure indicator."
Exposure,Residential radon,Comparable,L,L,Yes,Available with limitations,No,"GBD 2021 reports exposure and attributable burden with uncertainty, but radon was not present as a compatible HIDR-linked female exposure indicator."
Exposure,Residential radon,Machine-readable,L,L,Yes,Available with limitations,No,"GBD 2021 reports exposure and attributable burden with uncertainty, but radon was not present as a compatible HIDR-linked female exposure indicator."
Exposure,Residential radon,Uncertainty,A,A,Yes,Adequate for this analysis,No,"GBD 2021 reports exposure and attributable burden with uncertainty, but radon was not present as a compatible HIDR-linked female exposure indicator."
Exposure,Residential radon,Age standard,NA,NA,Yes,Not applicable,No,"GBD 2021 reports exposure and attributable burden with uncertainty, but radon was not present as a compatible HIDR-linked female exposure indicator."
Exposure,Residential radon,Overall,L,L,Yes,Available with limitations,No,"GBD 2021 reports exposure and attributable burden with uncertainty, but radon was not present as a compatible HIDR-linked female exposure indicator."
Burden,Age-standardised incidence,Coverage,A,A,Yes,Adequate for this analysis,No,IHME/GBD-linked age-standardised female incidence estimates.
Burden,Age-standardised incidence,Female/sex,A,A,Yes,Adequate for this analysis,No,IHME/GBD-linked age-standardised female incidence estimates.
Burden,Age-standardised incidence,Residence,NG,NG,Yes,No compatible global indicator identified,No,IHME/GBD-linked age-standardised female incidence estimates.
Burden,Age-standardised incidence,Socioeconomic,NG,NG,Yes,No compatible global indicator identified,No,IHME/GBD-linked age-standardised female incidence estimates.
Burden,Age-standardised incidence,Time series,A,A,Yes,Adequate for this analysis,No,IHME/GBD-linked age-standardised female incidence estimates.
Burden,Age-standardised incidence,Comparable,A,A,Yes,Adequate for this analysis,No,IHME/GBD-linked age-standardised female incidence estimates.
Burden,Age-standardised incidence,Machine-readable,A,A,Yes,Adequate for this analysis,No,IHME/GBD-linked age-standardised female incidence estimates.
Burden,Age-standardised incidence,Uncertainty,L,L,Yes,Available with limitations,No,IHME/GBD-linked age-standardised female incidence estimates.
Burden,Age-standardised incidence,Age standard,A,A,Yes,Adequate for this analysis,No,IHME/GBD-linked age-standardised female incidence estimates.
Burden,Age-standardised incidence,Overall,A,A,Yes,Adequate for this analysis,No,IHME/GBD-linked age-standardised female incidence estimates.
Burden,Mortality,Coverage,A,A,Yes,Adequate for this analysis,No,WHO GHE/HIDR sex-specific rates; age-standardisation was not explicit in the downloaded label.
Burden,Mortality,Female/sex,A,A,Yes,Adequate for this analysis,No,WHO GHE/HIDR sex-specific rates; age-standardisation was not explicit in the downloaded label.
Burden,Mortality,Residence,NG,NG,Yes,No compatible global indicator identified,No,WHO GHE/HIDR sex-specific rates; age-standardisation was not explicit in the downloaded label.
Burden,Mortality,Socioeconomic,NG,NG,Yes,No compatible global indicator identified,No,WHO GHE/HIDR sex-specific rates; age-standardisation was not explicit in the downloaded label.
Burden,Mortality,Time series,A,A,Yes,Adequate for this analysis,No,WHO GHE/HIDR sex-specific rates; age-standardisation was not explicit in the downloaded label.
Burden,Mortality,Comparable,A,A,Yes,Adequate for this analysis,No,WHO GHE/HIDR sex-specific rates; age-standardisation was not explicit in the downloaded label.
Burden,Mortality,Machine-readable,A,A,Yes,Adequate for this analysis,No,WHO GHE/HIDR sex-specific rates; age-standardisation was not explicit in the downloaded label.
Burden,Mortality,Uncertainty,L,L,Yes,Available with limitations,No,WHO GHE/HIDR sex-specific rates; age-standardisation was not explicit in the downloaded label.
Burden,Mortality,Age standard,L,L,Yes,Available with limitations,No,WHO GHE/HIDR sex-specific rates; age-standardisation was not explicit in the downloaded label.
Burden,Mortality,Overall,L,L,Yes,Available with limitations,No,WHO GHE/HIDR sex-specific rates; age-standardisation was not explicit in the downloaded label.
Burden,YLL,Coverage,A,A,Yes,Adequate for this analysis,No,WHO GHE/HIDR sex-specific rates; age-standardisation was not explicit in the downloaded label.
Burden,YLL,Female/sex,A,A,Yes,Adequate for this analysis,No,WHO GHE/HIDR sex-specific rates; age-standardisation was not explicit in the downloaded label.
Burden,YLL,Residence,NG,NG,Yes,No compatible global indicator identified,No,WHO GHE/HIDR sex-specific rates; age-standardisation was not explicit in the downloaded label.
Burden,YLL,Socioeconomic,NG,NG,Yes,No compatible global indicator identified,No,WHO GHE/HIDR sex-specific rates; age-standardisation was not explicit in the downloaded label.
Burden,YLL,Time series,A,A,Yes,Adequate for this analysis,No,WHO GHE/HIDR sex-specific rates; age-standardisation was not explicit in the downloaded label.
Burden,YLL,Comparable,A,A,Yes,Adequate for this analysis,No,WHO GHE/HIDR sex-specific rates; age-standardisation was not explicit in the downloaded label.
Burden,YLL,Machine-readable,A,A,Yes,Adequate for this analysis,No,WHO GHE/HIDR sex-specific rates; age-standardisation was not explicit in the downloaded label.
Burden,YLL,Uncertainty,L,L,Yes,Available with limitations,No,WHO GHE/HIDR sex-specific rates; age-standardisation was not explicit in the downloaded label.
Burden,YLL,Age standard,L,L,Yes,Available with limitations,No,WHO GHE/HIDR sex-specific rates; age-standardisation was not explicit in the downloaded label.
Burden,YLL,Overall,L,L,Yes,Available with limitations,No,WHO GHE/HIDR sex-specific rates; age-standardisation was not explicit in the downloaded label.
Burden,DALY,Coverage,A,A,Yes,Adequate for this analysis,No,WHO GHE/HIDR sex-specific rates; age-standardisation was not explicit in the downloaded label.
Burden,DALY,Female/sex,A,A,Yes,Adequate for this analysis,No,WHO GHE/HIDR sex-specific rates; age-standardisation was not explicit in the downloaded label.
Burden,DALY,Residence,NG,NG,Yes,No compatible global indicator identified,No,WHO GHE/HIDR sex-specific rates; age-standardisation was not explicit in the downloaded label.
Burden,DALY,Socioeconomic,NG,NG,Yes,No compatible global indicator identified,No,WHO GHE/HIDR sex-specific rates; age-standardisation was not explicit in the downloaded label.
Burden,DALY,Time series,A,A,Yes,Adequate for this analysis,No,WHO GHE/HIDR sex-specific rates; age-standardisation was not explicit in the downloaded label.
Burden,DALY,Comparable,A,A,Yes,Adequate for this analysis,No,WHO GHE/HIDR sex-specific rates; age-standardisation was not explicit in the downloaded label.
Burden,DALY,Machine-readable,A,A,Yes,Adequate for this analysis,No,WHO GHE/HIDR sex-specific rates; age-standardisation was not explicit in the downloaded label.
Burden,DALY,Uncertainty,L,L,Yes,Available with limitations,No,WHO GHE/HIDR sex-specific rates; age-standardisation was not explicit in the downloaded label.
Burden,DALY,Age standard,L,L,Yes,Available with limitations,No,WHO GHE/HIDR sex-specific rates; age-standardisation was not explicit in the downloaded label.
Burden,DALY,Overall,L,L,Yes,Available with limitations,No,WHO GHE/HIDR sex-specific rates; age-standardisation was not explicit in the downloaded label.
Care pathway,LDCT programme and uptake,Coverage,LH,LH,Yes,Source located; not sufficiently harmonised/integrated,No,"CanScreen5 and national programme sources were located, but lung-screening indicators were not sufficiently complete and harmonised for the analytic frame."
Care pathway,LDCT programme and uptake,Female/sex,LH,LH,Yes,Source located; not sufficiently harmonised/integrated,No,"CanScreen5 and national programme sources were located, but lung-screening indicators were not sufficiently complete and harmonised for the analytic frame."
Care pathway,LDCT programme and uptake,Residence,NG,NG,Yes,No compatible global indicator identified,No,"CanScreen5 and national programme sources were located, but lung-screening indicators were not sufficiently complete and harmonised for the analytic frame."
Care pathway,LDCT programme and uptake,Socioeconomic,NG,NG,Yes,No compatible global indicator identified,No,"CanScreen5 and national programme sources were located, but lung-screening indicators were not sufficiently complete and harmonised for the analytic frame."
Care pathway,LDCT programme and uptake,Time series,LH,LH,Yes,Source located; not sufficiently harmonised/integrated,No,"CanScreen5 and national programme sources were located, but lung-screening indicators were not sufficiently complete and harmonised for the analytic frame."
Care pathway,LDCT programme and uptake,Comparable,LH,LH,Yes,Source located; not sufficiently harmonised/integrated,No,"CanScreen5 and national programme sources were located, but lung-screening indicators were not sufficiently complete and harmonised for the analytic frame."
Care pathway,LDCT programme and uptake,Machine-readable,LH,LH,Yes,Source located; not sufficiently harmonised/integrated,No,"CanScreen5 and national programme sources were located, but lung-screening indicators were not sufficiently complete and harmonised for the analytic frame."
Care pathway,LDCT programme and uptake,Uncertainty,LH,LH,Yes,Source located; not sufficiently harmonised/integrated,No,"CanScreen5 and national programme sources were located, but lung-screening indicators were not sufficiently complete and harmonised for the analytic frame."
Care pathway,LDCT programme and uptake,Age standard,NA,NA,Yes,Not applicable,No,"CanScreen5 and national programme sources were located, but lung-screening indicators were not sufficiently complete and harmonised for the analytic frame."
Care pathway,LDCT programme and uptake,Overall,LH,LH,Yes,Source located; not sufficiently harmonised/integrated,No,"CanScreen5 and national programme sources were located, but lung-screening indicators were not sufficiently complete and harmonised for the analytic frame."
Care pathway,Stage at diagnosis,Coverage,LH,LH,Yes,Source located; not sufficiently harmonised/integrated,No,"Registry sources exist, but no globally integrated female country-level stage indicator compatible with the frame was identified."
Care pathway,Stage at diagnosis,Female/sex,LH,LH,Yes,Source located; not sufficiently harmonised/integrated,No,"Registry sources exist, but no globally integrated female country-level stage indicator compatible with the frame was identified."
Care pathway,Stage at diagnosis,Residence,NG,NG,Yes,No compatible global indicator identified,No,"Registry sources exist, but no globally integrated female country-level stage indicator compatible with the frame was identified."
Care pathway,Stage at diagnosis,Socioeconomic,NG,NG,Yes,No compatible global indicator identified,No,"Registry sources exist, but no globally integrated female country-level stage indicator compatible with the frame was identified."
Care pathway,Stage at diagnosis,Time series,LH,LH,Yes,Source located; not sufficiently harmonised/integrated,No,"Registry sources exist, but no globally integrated female country-level stage indicator compatible with the frame was identified."
Care pathway,Stage at diagnosis,Comparable,LH,LH,Yes,Source located; not sufficiently harmonised/integrated,No,"Registry sources exist, but no globally integrated female country-level stage indicator compatible with the frame was identified."
Care pathway,Stage at diagnosis,Machine-readable,LH,LH,Yes,Source located; not sufficiently harmonised/integrated,No,"Registry sources exist, but no globally integrated female country-level stage indicator compatible with the frame was identified."
Care pathway,Stage at diagnosis,Uncertainty,LH,LH,Yes,Source located; not sufficiently harmonised/integrated,No,"Registry sources exist, but no globally integrated female country-level stage indicator compatible with the frame was identified."
Care pathway,Stage at diagnosis,Age standard,NA,NA,Yes,Not applicable,No,"Registry sources exist, but no globally integrated female country-level stage indicator compatible with the frame was identified."
Care pathway,Stage at diagnosis,Overall,LH,LH,Yes,Source located; not sufficiently harmonised/integrated,No,"Registry sources exist, but no globally integrated female country-level stage indicator compatible with the frame was identified."
Care pathway,Histology or subtype,Coverage,L,L,Yes,Available with limitations,No,"IARC has comparable global subtype estimates, but this is not a complete longitudinal care-pathway indicator."
Care pathway,Histology or subtype,Female/sex,A,A,Yes,Adequate for this analysis,No,"IARC has comparable global subtype estimates, but this is not a complete longitudinal care-pathway indicator."
Care pathway,Histology or subtype,Residence,NG,NG,Yes,No compatible global indicator identified,No,"IARC has comparable global subtype estimates, but this is not a complete longitudinal care-pathway indicator."
Care pathway,Histology or subtype,Socioeconomic,NG,NG,Yes,No compatible global indicator identified,No,"IARC has comparable global subtype estimates, but this is not a complete longitudinal care-pathway indicator."
Care pathway,Histology or subtype,Time series,L,L,Yes,Available with limitations,No,"IARC has comparable global subtype estimates, but this is not a complete longitudinal care-pathway indicator."
Care pathway,Histology or subtype,Comparable,A,A,Yes,Adequate for this analysis,No,"IARC has comparable global subtype estimates, but this is not a complete longitudinal care-pathway indicator."
Care pathway,Histology or subtype,Machine-readable,L,L,Yes,Available with limitations,No,"IARC has comparable global subtype estimates, but this is not a complete longitudinal care-pathway indicator."
Care pathway,Histology or subtype,Uncertainty,L,L,Yes,Available with limitations,No,"IARC has comparable global subtype estimates, but this is not a complete longitudinal care-pathway indicator."
Care pathway,Histology or subtype,Age standard,NA,NA,Yes,Not applicable,No,"IARC has comparable global subtype estimates, but this is not a complete longitudinal care-pathway indicator."
Care pathway,Histology or subtype,Overall,L,L,Yes,Available with limitations,No,"IARC has comparable global subtype estimates, but this is not a complete longitudinal care-pathway indicator."
Care pathway,Treatment access,Coverage,LH,LH,Yes,Source located; not sufficiently harmonised/integrated,No,"Programme and registry sources contain treatment elements, but no globally integrated women-specific treatment-access series was identified."
Care pathway,Treatment access,Female/sex,LH,LH,Yes,Source located; not sufficiently harmonised/integrated,No,"Programme and registry sources contain treatment elements, but no globally integrated women-specific treatment-access series was identified."
Care pathway,Treatment access,Residence,NG,NG,Yes,No compatible global indicator identified,No,"Programme and registry sources contain treatment elements, but no globally integrated women-specific treatment-access series was identified."
Care pathway,Treatment access,Socioeconomic,NG,NG,Yes,No compatible global indicator identified,No,"Programme and registry sources contain treatment elements, but no globally integrated women-specific treatment-access series was identified."
Care pathway,Treatment access,Time series,LH,LH,Yes,Source located; not sufficiently harmonised/integrated,No,"Programme and registry sources contain treatment elements, but no globally integrated women-specific treatment-access series was identified."
Care pathway,Treatment access,Comparable,LH,LH,Yes,Source located; not sufficiently harmonised/integrated,No,"Programme and registry sources contain treatment elements, but no globally integrated women-specific treatment-access series was identified."
Care pathway,Treatment access,Machine-readable,LH,LH,Yes,Source located; not sufficiently harmonised/integrated,No,"Programme and registry sources contain treatment elements, but no globally integrated women-specific treatment-access series was identified."
Care pathway,Treatment access,Uncertainty,LH,LH,Yes,Source located; not sufficiently harmonised/integrated,No,"Programme and registry sources contain treatment elements, but no globally integrated women-specific treatment-access series was identified."
Care pathway,Treatment access,Age standard,NA,NA,Yes,Not applicable,No,"Programme and registry sources contain treatment elements, but no globally integrated women-specific treatment-access series was identified."
Care pathway,Treatment access,Overall,LH,LH,Yes,Source located; not sufficiently harmonised/integrated,No,"Programme and registry sources contain treatment elements, but no globally integrated women-specific treatment-access series was identified."
Care pathway,Survival,Coverage,L,L,Yes,Available with limitations,No,"CONCORD-3 provides age-standardised survival from 322 registries in 71 countries, but global coverage and socioeconomic linkage are limited."
Care pathway,Survival,Female/sex,A,A,Yes,Adequate for this analysis,No,"CONCORD-3 provides age-standardised survival from 322 registries in 71 countries, but global coverage and socioeconomic linkage are limited."
Care pathway,Survival,Residence,NG,NG,Yes,No compatible global indicator identified,No,"CONCORD-3 provides age-standardised survival from 322 registries in 71 countries, but global coverage and socioeconomic linkage are limited."
Care pathway,Survival,Socioeconomic,NG,NG,Yes,No compatible global indicator identified,No,"CONCORD-3 provides age-standardised survival from 322 registries in 71 countries, but global coverage and socioeconomic linkage are limited."
Care pathway,Survival,Time series,L,L,Yes,Available with limitations,No,"CONCORD-3 provides age-standardised survival from 322 registries in 71 countries, but global coverage and socioeconomic linkage are limited."
Care pathway,Survival,Comparable,A,A,Yes,Adequate for this analysis,No,"CONCORD-3 provides age-standardised survival from 322 registries in 71 countries, but global coverage and socioeconomic linkage are limited."
Care pathway,Survival,Machine-readable,L,L,Yes,Available with limitations,No,"CONCORD-3 provides age-standardised survival from 322 registries in 71 countries, but global coverage and socioeconomic linkage are limited."
Care pathway,Survival,Uncertainty,L,L,Yes,Available with limitations,No,"CONCORD-3 provides age-standardised survival from 322 registries in 71 countries, but global coverage and socioeconomic linkage are limited."
Care pathway,Survival,Age standard,L,L,Yes,Available with limitations,No,"CONCORD-3 provides age-standardised survival from 322 registries in 71 countries, but global coverage and socioeconomic linkage are limited."
Care pathway,Survival,Overall,L,L,Yes,Available with limitations,No,"CONCORD-3 provides age-standardised survival from 322 registries in 71 countries, but global coverage and socioeconomic linkage are limited."
Equity outcomes,Wealth-stratified LC outcomes,Coverage,NG,NG,Yes,No compatible global indicator identified,No,No compatible global female lung-cancer outcome series stratified by wealth was identified.
Equity outcomes,Wealth-stratified LC outcomes,Female/sex,L,L,Yes,Available with limitations,No,No compatible global female lung-cancer outcome series stratified by wealth was identified.
Equity outcomes,Wealth-stratified LC outcomes,Residence,NG,NG,Yes,No compatible global indicator identified,No,No compatible global female lung-cancer outcome series stratified by wealth was identified.
Equity outcomes,Wealth-stratified LC outcomes,Socioeconomic,NG,NG,Yes,No compatible global indicator identified,No,No compatible global female lung-cancer outcome series stratified by wealth was identified.
Equity outcomes,Wealth-stratified LC outcomes,Time series,NG,NG,Yes,No compatible global indicator identified,No,No compatible global female lung-cancer outcome series stratified by wealth was identified.
Equity outcomes,Wealth-stratified LC outcomes,Comparable,NG,NG,Yes,No compatible global indicator identified,No,No compatible global female lung-cancer outcome series stratified by wealth was identified.
Equity outcomes,Wealth-stratified LC outcomes,Machine-readable,NG,NG,Yes,No compatible global indicator identified,No,No compatible global female lung-cancer outcome series stratified by wealth was identified.
Equity outcomes,Wealth-stratified LC outcomes,Uncertainty,NG,NG,Yes,No compatible global indicator identified,No,No compatible global female lung-cancer outcome series stratified by wealth was identified.
Equity outcomes,Wealth-stratified LC outcomes,Age standard,L,L,Yes,Available with limitations,No,No compatible global female lung-cancer outcome series stratified by wealth was identified.
Equity outcomes,Wealth-stratified LC outcomes,Overall,NG,NG,Yes,No compatible global indicator identified,No,No compatible global female lung-cancer outcome series stratified by wealth was identified.
Equity outcomes,Education-stratified LC outcomes,Coverage,NG,NG,Yes,No compatible global indicator identified,No,No compatible global female lung-cancer outcome series stratified by education was identified.
Equity outcomes,Education-stratified LC outcomes,Female/sex,L,L,Yes,Available with limitations,No,No compatible global female lung-cancer outcome series stratified by education was identified.
Equity outcomes,Education-stratified LC outcomes,Residence,NG,NG,Yes,No compatible global indicator identified,No,No compatible global female lung-cancer outcome series stratified by education was identified.
Equity outcomes,Education-stratified LC outcomes,Socioeconomic,NG,NG,Yes,No compatible global indicator identified,No,No compatible global female lung-cancer outcome series stratified by education was identified.
Equity outcomes,Education-stratified LC outcomes,Time series,NG,NG,Yes,No compatible global indicator identified,No,No compatible global female lung-cancer outcome series stratified by education was identified.
Equity outcomes,Education-stratified LC outcomes,Comparable,NG,NG,Yes,No compatible global indicator identified,No,No compatible global female lung-cancer outcome series stratified by education was identified.
Equity outcomes,Education-stratified LC outcomes,Machine-readable,NG,NG,Yes,No compatible global indicator identified,No,No compatible global female lung-cancer outcome series stratified by education was identified.
Equity outcomes,Education-stratified LC outcomes,Uncertainty,NG,NG,Yes,No compatible global indicator identified,No,No compatible global female lung-cancer outcome series stratified by education was identified.
Equity outcomes,Education-stratified LC outcomes,Age standard,L,L,Yes,Available with limitations,No,No compatible global female lung-cancer outcome series stratified by education was identified.
Equity outcomes,Education-stratified LC outcomes,Overall,NG,NG,Yes,No compatible global indicator identified,No,No compatible global female lung-cancer outcome series stratified by education was identified.
Equity outcomes,Residence-stratified LC outcomes,Coverage,LH,LH,Yes,Source located; not sufficiently harmonised/integrated,No,"Subnational registry outputs exist, but were not sufficiently harmonised and integrated across countries."
Equity outcomes,Residence-stratified LC outcomes,Female/sex,L,L,Yes,Available with limitations,No,"Subnational registry outputs exist, but were not sufficiently harmonised and integrated across countries."
Equity outcomes,Residence-stratified LC outcomes,Residence,L,L,Yes,Available with limitations,No,"Subnational registry outputs exist, but were not sufficiently harmonised and integrated across countries."
Equity outcomes,Residence-stratified LC outcomes,Socioeconomic,NG,NG,Yes,No compatible global indicator identified,No,"Subnational registry outputs exist, but were not sufficiently harmonised and integrated across countries."
Equity outcomes,Residence-stratified LC outcomes,Time series,LH,LH,Yes,Source located; not sufficiently harmonised/integrated,No,"Subnational registry outputs exist, but were not sufficiently harmonised and integrated across countries."
Equity outcomes,Residence-stratified LC outcomes,Comparable,LH,LH,Yes,Source located; not sufficiently harmonised/integrated,No,"Subnational registry outputs exist, but were not sufficiently harmonised and integrated across countries."
Equity outcomes,Residence-stratified LC outcomes,Machine-readable,LH,LH,Yes,Source located; not sufficiently harmonised/integrated,No,"Subnational registry outputs exist, but were not sufficiently harmonised and integrated across countries."
Equity outcomes,Residence-stratified LC outcomes,Uncertainty,LH,LH,Yes,Source located; not sufficiently harmonised/integrated,No,"Subnational registry outputs exist, but were not sufficiently harmonised and integrated across countries."
Equity outcomes,Residence-stratified LC outcomes,Age standard,L,L,Yes,Available with limitations,No,"Subnational registry outputs exist, but were not sufficiently harmonised and integrated across countries."
Equity outcomes,Residence-stratified LC outcomes,Overall,LH,LH,Yes,Source located; not sufficiently harmonised/integrated,No,"Subnational registry outputs exist, but were not sufficiently harmonised and integrated across countries."
